Workbook

Sheet Operator
A1: nama | B1: password | C1: jenis operator / divisi | D1: Plant | E1: Line | F1: Foto | G1: fk_id_divisi | H1: NO. REG
A2: SUPERVISOR | B2: 123 | C2: SUPERVISOR | D2: 3 | E2: SUPERVISOR | G2: 18
A3: ADMIN | B3: 123 | C3: ADMIN | D3: 3 | E3: ADMIN | G3: =_xlfn.XLOOKUP(C3,'Master Divisi'!B:B,'Master Divisi'!A:A) -> 17
A4: MOH. NURUL | B4: 123 | C4: MANDOR | D4: 3 | E4: FINE BLANKING | F4: https://lh3.googleusercontent.com/d/1gAX-UvJRW6WWIUJNrgomFyf-jqHaBIii | G4: =_xlfn.XLOOKUP(C4,'Master Divisi'!B:B,'Master Divisi'!A:A) -> #N/A | H4: 17040094
A5: MUHAMMAD BAGUS PRASETYA | B5: 123 | C5: PRODUKSI | D5: 3 | E5: FINE BLANKING | F5: https://lh3.googleusercontent.com/d/1nfqVgTpIH6JVLz0r-GHpBjnkhK-EbQaS | G5: =_xlfn.XLOOKUP(C5,'Master Divisi'!B:B,'Master Divisi'!A:A) -> 1 | H5: 17090108
A6: LIA ANDI ASMARAYANA | B6: 123 | C6: PRODUKSI | D6: 3 | E6: FINE BLANKING | F6: https://lh3.googleusercontent.com/d/1NjilrjGhsRPvifxCFqA8w3jJYLCRGya6 | G6: =_xlfn.XLOOKUP(C6,'Master Divisi'!B:B,'Master Divisi'!A:A) -> 1 | H6: 17070101
A7: WIMPY ILYASA MANUS | B7: 123 | C7: PRODUKSI | D7: 3 | E7: FINE BLANKING | F7: https://lh3.googleusercontent.com/d/1rhkvKZtr3sh04Fuo69_sdrKgNu6YJgPQ | G7: =_xlfn.XLOOKUP(C7,'Master Divisi'!B:B,'Master Divisi'!A:A) -> 1 | H7: 17120110
A8: YASIN | B8: 123 | C8: PRODUKSI | D8: 3 | E8: FINE BLANKING | F8: https://lh3.googleusercontent.com/d/1vEjYR0vvtU5wFQPXpkH0MgUvflyNawhb | G8: =_xlfn.XLOOKUP(C8,'Master Divisi'!B:B,'Master Divisi'!A:A) -> 1 | H8: 18010115
A9: APRIYANTO | B9: 123 | C9: PRODUKSI | D9: 3 | E9: FOREMAN | F9: https://lh3.googleusercontent.com/d/1I8573dty0-4MFDOEEhbsj2BEGzIddRgE | G9: =_xlfn.XLOOKUP(C9,'Master Divisi'!B:B,'Master Divisi'!A:A) -> 1 | H9: 15040007
A10: DEDDY PRASETIYO | B10: 123 | C10: PRODUKSI | D10: 3 | E10: FOREMAN | F10: https://lh3.googleusercontent.com/d/1Yg4nIzyWbuMVfEgmdwbM2MT4kwrgdKXQ | G10: =_xlfn.XLOOKUP(C10,'Master Divisi'!B:B,'Master Divisi'!A:A) -> 1 | H10: 15110016
A11: MUSTADO FEBRI UTOMO | B11: 123 | C11: PRODUKSI | D11: 3 | E11: PROGRESSIVE & TRANSFER | F11: https://lh3.googleusercontent.com/d/1tSa6SbR3CJBcjFKtGyx8-IxAAISuLWJ0 | G11: =_xlfn.XLOOKUP(C11,'Master Divisi'!B:B,'Master Divisi'!A:A) -> 1 | H11: 17020018
A12: IMAM SUDRAJAT | B12: 123 | C12: PRODUKSI | D12: 3 | E12: PROGRESSIVE & TRANSFER | F12: https://lh3.googleusercontent.com/d/1P4Hf1TdpQYKdZuZ6nO4EyIiDNU5AI4Cn | G12: =_xlfn.XLOOKUP(C12,'Master Divisi'!B:B,'Master Divisi'!A:A) -> 1 | H12: 17090023
A13: IMAM SUPRIADI | B13: 123 | C13: PRODUKSI | D13: 3 | E13: PROGRESSIVE & TRANSFER | F13: https://lh3.googleusercontent.com/d/1FDDws3I-3QQG_uuCTWAZ4SIVUiJRfmNC | G13: =_xlfn.XLOOKUP(C13,'Master Divisi'!B:B,'Master Divisi'!A:A) -> 1 | H13: 17090024
A14: MOCH. RIZKIAWAN | B14: 123 | C14: PRODUKSI | D14: 3 | E14: PROGRESSIVE & TRANSFER | F14: https://lh3.googleusercontent.com/d/1LkKlxxsfGbT1YSTU-cu-HARsEkJX3k2B | G14: =_xlfn.XLOOKUP(C14,'Master Divisi'!B:B,'Master Divisi'!A:A) -> 1 | H14: 18010027
A15: RIFQI FIRMAN KHAKIKI | B15: 123 | C15: PRODUKSI | D15: 3 | E15: SECONDARY | F15: https://lh3.googleusercontent.com/d/1UM0G9yNYT8BX66mNC1x68MZcO40b9Fw7 | G15: =_xlfn.XLOOKUP(C15,'Master Divisi'!B:B,'Master Divisi'!A:A) -> 1 | H15: 18050030
... A19: MUHAMMAD RIZAL ARDIANSYAH | B19: 123 | C19: PRODUKSI | D19: 3 | E19: SECONDARY | F19: https://lh3.googleusercontent.com/d/1dxnETEZQIZXZmd1K91NgG24RjBPB13gi | G19: =_xlfn.XLOOKUP(C19,'Master Divisi'!B:B,'Master Divisi'!A:A) -> 1 | H19: 21010198
A20: RUDI SEPTYAN | B20: 123 | C20: PRODUKSI | D20: 3 | E20: SECONDARY | F20: https://lh3.googleusercontent.com/d/1yzV_ZDNpPdFUzV2tGcSaMwnSfN98wbM- | G20: =_xlfn.XLOOKUP(C20,'Master Divisi'!B:B,'Master Divisi'!A:A) -> 1 | H20: 21030202
A21: ABRILLYANT LINTANG KRESNAYA | B21: 123 | C21: PRODUKSI | D21: 3 | E21: SECONDARY | F21: https://lh3.googleusercontent.com/d/14MQbFGVgT621Jw3rCnyyGEKfriJS6bmH | G21: =_xlfn.XLOOKUP(C21,'Master Divisi'!B:B,'Master Divisi'!A:A) -> 1 | H21: 21030203
A22: ADE SULISTYA PUTRA | B22: 123 | C22: PRODUKSI | D22: 3 | E22: SECONDARY | F22: https://lh3.googleusercontent.com/d/1atulX3uV3uYF8YQN7Zao8uDSflC0PXQB | G22: =_xlfn.XLOOKUP(C22,'Master Divisi'!B:B,'Master Divisi'!A:A) -> 1 | H22: 21040210
A23: SAHRUL AFANDI | B23: 123 | C23: PRODUKSI | D23: 3 | E23: SECONDARY | F23: https://lh3.googleusercontent.com/d/1RKRTPGDE4WeWtiJtswfxwWX7CIto3JgX | G23: =_xlfn.XLOOKUP(C23,'Master Divisi'!B:B,'Master Divisi'!A:A) -> 1 | H23: 21040211
A24: ANNAS FADLOLI | B24: 123 | C24: PRODUKSI | D24: 3 | E24: SECONDARY | F24: https://lh3.googleusercontent.com/d/1l7PYgr1RnzEHF2iwDC2_TMytttzPiLuc | G24: =_xlfn.XLOOKUP(C24,'Master Divisi'!B:B,'Master Divisi'!A:A) -> 1 | H24: 21040212
A25: HASBY SURYA SYAHPUTRA | B25: 123 | C25: PRODUKSI | D25: 3 | E25: SECONDARY | F25: https://lh3.googleusercontent.com/d/1NxA9GTWAQSuG8pXAUZtEdohTXdXAg4XS | G25: =_xlfn.XLOOKUP(C25,'Master Divisi'!B:B,'Master Divisi'!A:A) -> 1 | H25: 21040216
A26: ADITYA WIJAYA | B26: 123 | C26: PRODUKSI | D26: 3 | E26: SECONDARY | F26: https://lh3.googleusercontent.com/d/1LM417YcHesASAJgxWAHSR2u9Bk1Le-Ac | G26: =_xlfn.XLOOKUP(C26,'Master Divisi'!B:B,'Master Divisi'!A:A) -> 1 | H26: 21050217
A27: MUHAMMAD HANDI RISKIANTO | B27: 123 | C27: PRODUKSI | D27: 3 | E27: SECONDARY | F27: https://lh3.googleusercontent.com/d/1o7n2Pessp4tfGXTHjLfhTZdPSp2qa0VH | G27: =_xlfn.XLOOKUP(C27,'Master Divisi'!B:B,'Master Divisi'!A:A) -> 1 | H27: 21050218
A28: MOCHAMMAD NIZAR | B28: 123 | C28: PRODUKSI | D28: 3 | E28: SECONDARY | F28: https://lh3.googleusercontent.com/d/1InnwtM6-86T7lBeh21WtnBqkrKm2pmO3 | G28: =_xlfn.XLOOKUP(C28,'Master Divisi'!B:B,'Master Divisi'!A:A) -> 1 | H28: 21060220
A29: IMAM ZAKARIA | B29: 123 | C29: PRODUKSI | D29: 3 | E29: SECONDARY | F29: https://lh3.googleusercontent.com/d/1mnCcPrgyDQQkIOfhhQZNII9UfA3NaviG | G29: =_xlfn.XLOOKUP(C29,'Master Divisi'!B:B,'Master Divisi'!A:A) -> 1 | H29: 21060222
A30: ARIS SETYAWAN | B30: 123 | C30: PRODUKSI | D30: 3 | E30: SECONDARY | F30: https://lh3.googleusercontent.com/d/1lEx8lqkmwM1XRAOvAjM8TpRKKiJ-V7Hu | G30: =_xlfn.XLOOKUP(C30,'Master Divisi'!B:B,'Master Divisi'!A:A) -> 1 | H30: 21090223
A31: OCTAVIO VALENTINO FERARRI | B31: 123 | C31: PRODUKSI | D31: 3 | E31: SECONDARY | F31: https://lh3.googleusercontent.com/d/1lMpx_-a4Gcq7InNjuQvTLG29eDtLF0Qg | G31: =_xlfn.XLOOKUP(C31,'Master Divisi'!B:B,'Master Divisi'!A:A) -> 1 | H31: 21100226
A32: AKHMAD NAUFAL | B32: 123 | C32: PRODUKSI | D32: 3 | E32: SECONDARY | F32: https://lh3.googleusercontent.com/d/1fIDgWTzL4HwjUlv6OKxBtB5VLqtoI60t | G32: =_xlfn.XLOOKUP(C32,'Master Divisi'!B:B,'Master Divisi'!A:A) -> 1 | H32: 22010229
... A88: CHOIRUL ANAM | B88: 123 | C88: PRODUKSI | D88: 3 | E88: SECONDARY | F88: https://lh3.googleusercontent.com/d/ | G88: =_xlfn.XLOOKUP(C88,'Master Divisi'!B:B,'Master Divisi'!A:A) -> 1 | H88: 25100345
A89: ARIF TRI AFANDI | B89: 123 | C89: QUALITY | D89: 3 | E89: QUALITY | G89: =_xlfn.XLOOKUP(C89,'Master Divisi'!B:B,'Master Divisi'!A:A) -> 2
A90: DIMAS RIZKY | B90: 123 | C90: QUALITY | D90: 3 | E90: QUALITY | G90: =_xlfn.XLOOKUP(C90,'Master Divisi'!B:B,'Master Divisi'!A:A) -> 2
A91: DICKY YUSUF | B91: 123 | C91: QUALITY | D91: 3 | E91: QUALITY | G91: =_xlfn.XLOOKUP(C91,'Master Divisi'!B:B,'Master Divisi'!A:A) -> 2
A92: ARDI BAGAS SETIAWAN | B92: 123 | C92: QUALITY | D92: 3 | E92: QUALITY | G92: =_xlfn.XLOOKUP(C92,'Master Divisi'!B:B,'Master Divisi'!A:A) -> 2
A93: CAHYO MULYO | B93: 123 | C93: QUALITY | D93: 3 | E93: QUALITY | G93: =_xlfn.XLOOKUP(C93,'Master Divisi'!B:B,'Master Divisi'!A:A) -> 2
A94: JOHAN PUTRO PRIBADI | B94: 123 | C94: QUALITY | D94: 3 | E94: QUALITY | G94: =_xlfn.XLOOKUP(C94,'Master Divisi'!B:B,'Master Divisi'!A:A) -> 2
A95: ACHMAD SUBAKRI | B95: 123 | C95: QUALITY | D95: 3 | E95: QUALITY | G95: =_xlfn.XLOOKUP(C95,'Master Divisi'!B:B,'Master Divisi'!A:A) -> 2
A96: ELVAN PRAMBUDI SAPUTRA | B96: 123 | C96: QUALITY | D96: 3 | E96: QUALITY | G96: =_xlfn.XLOOKUP(C96,'Master Divisi'!B:B,'Master Divisi'!A:A) -> 2
A97: DAFA NAYAKA ENRICO | B97: 123 | C97: QUALITY | D97: 3 | E97: QUALITY | G97: =_xlfn.XLOOKUP(C97,'Master Divisi'!B:B,'Master Divisi'!A:A) -> 2
A98: DAINUR ROHMAN | B98: 123 | C98: QUALITY | D98: 3 | E98: QUALITY | G98: =_xlfn.XLOOKUP(C98,'Master Divisi'!B:B,'Master Divisi'!A:A) -> 2
A99: WAHYU NUR CAHYONO | B99: 123 | C99: QUALITY | D99: 3 | E99: QUALITY | G99: =_xlfn.XLOOKUP(C99,'Master Divisi'!B:B,'Master Divisi'!A:A) -> 2
A100: FEBRIANTO | B100: 123 | C100: QUALITY | D100: 3 | E100: QUALITY | G100: =_xlfn.XLOOKUP(C100,'Master Divisi'!B:B,'Master Divisi'!A:A) -> 2
... A102: MUHAMMAD SYUKRON HADI SANTOSO | B102: 123 | C102: QUALITY | D102: 3 | E102: QUALITY | G102: =_xlfn.XLOOKUP(C102,'Master Divisi'!B:B,'Master Divisi'!A:A) -> 2
A103: WISNU | B103: 123 | C103: PRODUKSI | D103: 3 | E103: SECONDARY | F103: https://lh3.googleusercontent.com/d/1uiTHzbyPPIz2YCxH9YuPf0Uwt5mUkPN6 | G103: =_xlfn.XLOOKUP(C103,'Master Divisi'!B:B,'Master Divisi'!A:A) -> 1 | H103: 25100329
A104: FARHAN HAYYU PRATAMA | B104: 123 | C104: QUALITY | D104: 3 | E104: QUALITY | G104: =_xlfn.XLOOKUP(C104,'Master Divisi'!B:B,'Master Divisi'!A:A) -> 2
A105: ZHEVINO RAVALIN | B105: 123 | C105: QUALITY | D105: 3 | E105: QUALITY | G105: =_xlfn.XLOOKUP(C105,'Master Divisi'!B:B,'Master Divisi'!A:A) -> 2
A106: YUNITA NINIK FITRIA | B106: 123 | C106: QUALITY | D106: 3 | E106: QUALITY | G106: =_xlfn.XLOOKUP(C106,'Master Divisi'!B:B,'Master Divisi'!A:A) -> 2
A107: AHMAD QODIR | B107: 123 | C107: QUALITY | D107: 3 | E107: QUALITY | G107: =_xlfn.XLOOKUP(C107,'Master Divisi'!B:B,'Master Divisi'!A:A) -> 2
A108: BAYU ADITIA | B108: 123 | C108: MAINTENANCE | D108: 3 | E108: MAINTENANCE | G108: =_xlfn.XLOOKUP(C108,'Master Divisi'!B:B,'Master Divisi'!A:A) -> 3
A109: NUR ACHMAD FAHMI FAWAID | B109: 123 | C109: MAINTENANCE | D109: 3 | E109: MAINTENANCE | G109: =_xlfn.XLOOKUP(C109,'Master Divisi'!B:B,'Master Divisi'!A:A) -> 3
A110: MUHAMMAD RIZKY AFANDI | B110: 123 | C110: MAINTENANCE | D110: 3 | E110: MAINTENANCE | G110: =_xlfn.XLOOKUP(C110,'Master Divisi'!B:B,'Master Divisi'!A:A) -> 3
A111: OSHIANA RIZKI | B111: 123 | C111: MAINTENANCE | D111: 3 | E111: MAINTENANCE | G111: =_xlfn.XLOOKUP(C111,'Master Divisi'!B:B,'Master Divisi'!A:A) -> 3
A112: MOCH USMAN ARDHIANSYAH | B112: 123 | C112: MAINTENANCE | D112: 3 | E112: MAINTENANCE | G112: =_xlfn.XLOOKUP(C112,'Master Divisi'!B:B,'Master Divisi'!A:A) -> 3
A113: HANDIKA PRASETYA | B113: 123 | C113: MAINTENANCE | D113: 3 | E113: MAINTENANCE | G113: =_xlfn.XLOOKUP(C113,'Master Divisi'!B:B,'Master Divisi'!A:A) -> 3
A114: SHOVI SANTOSO | B114: 123 | C114: DIE_MAINT | D114: 3 | E114: DIE MAINT | G114: =_xlfn.XLOOKUP(C114,'Master Divisi'!B:B,'Master Divisi'!A:A) -> 4
A115: ZUHRON ARIFIN | B115: 123 | C115: DIE_MAINT | D115: 3 | E115: DIE MAINT | G115: =_xlfn.XLOOKUP(C115,'Master Divisi'!B:B,'Master Divisi'!A:A) -> 4
... A181: HABIB ANSORI | B181: 123 | C181: ENGINEERING | D181: 1 | E181: ENGINEERING | G181: =_xlfn.XLOOKUP(C181,'Master Divisi'!B:B,'Master Divisi'!A:A) -> 5
A182: HERI SUYANTO | B182: 123 | C182: ENGINEERING | D182: 1 | E182: ENGINEERING | G182: =_xlfn.XLOOKUP(C182,'Master Divisi'!B:B,'Master Divisi'!A:A) -> 5 | H182: 0007005
A183: DIMAS SAHRUL AZMI | B183: 123 | C183: ENGINEERING | D183: 1 | E183: ENGINEERING | G183: =_xlfn.XLOOKUP(C183,'Master Divisi'!B:B,'Master Divisi'!A:A) -> 5
A184: MAULANA SYAHRUL RAMADHAN | B184: 123 | C184: ENGINEERING | D184: 1 | E184: ENGINEERING | G184: =_xlfn.XLOOKUP(C184,'Master Divisi'!B:B,'Master Divisi'!A:A) -> 5
A185: M. ANAS AMRULLAH | B185: 123 | C185: ENGINEERING | D185: 1 | E185: ENGINEERING | G185: =_xlfn.XLOOKUP(C185,'Master Divisi'!B:B,'Master Divisi'!A:A) -> 5
A186: KHOIRUL HANANG MAKRUF | B186: 123 | C186: ENGINEERING | D186: 1 | E186: ENGINEERING | G186: =_xlfn.XLOOKUP(C186,'Master Divisi'!B:B,'Master Divisi'!A:A) -> 5
A187: IVAN PRAMANA | B187: 123 | C187: ENGINEERING | D187: 1 | E187: ENGINEERING | G187: =_xlfn.XLOOKUP(C187,'Master Divisi'!B:B,'Master Divisi'!A:A) -> 5
A188: MOCH EKO EFFENDI | B188: 123 | C188: PRODUKSI | D188: 2 | E188: METAL | G188: =_xlfn.XLOOKUP(C188,'Master Divisi'!B:B,'Master Divisi'!A:A) -> 1
A189: HERU EDI KURNIAWAN | B189: 123 | C189: PRODUKSI | D189: 2 | E189: METAL | G189: =_xlfn.XLOOKUP(C189,'Master Divisi'!B:B,'Master Divisi'!A:A) -> 1 | H189: 1405001
A190: MAT ULUN | B190: 123 | C190: PRODUKSI | D190: 2 | E190: METAL | G190: =_xlfn.XLOOKUP(C190,'Master Divisi'!B:B,'Master Divisi'!A:A) -> 1 | H190: 1404002
A191: TEGUH JUNIANTO | B191: 123 | C191: PRODUKSI | D191: 2 | E191: METAL | G191: =_xlfn.XLOOKUP(C191,'Master Divisi'!B:B,'Master Divisi'!A:A) -> 1 | H191: 1301055
A192: ANJAR BASTIAN | B192: 123 | C192: PRODUKSI | D192: 2 | E192: METAL | G192: =_xlfn.XLOOKUP(C192,'Master Divisi'!B:B,'Master Divisi'!A:A) -> 1 | H192: 1301042
A193: M. HARIYONO | B193: 123 | C193: PRODUKSI | D193: 2 | E193: METAL | G193: =_xlfn.XLOOKUP(C193,'Master Divisi'!B:B,'Master Divisi'!A:A) -> 1 | H193: 0002014
A194: SRI WAHYUNI | B194: 123 | C194: PRODUKSI | D194: 2 | E194: METAL | G194: =_xlfn.XLOOKUP(C194,'Master Divisi'!B:B,'Master Divisi'!A:A) -> 1 | H194: 1301023
A195: FAHMI FIRMANSYAH | B195: 123 | C195: PRODUKSI | D195: 2 | E195: METAL | G195: =_xlfn.XLOOKUP(C195,'Master Divisi'!B:B,'Master Divisi'!A:A) -> 1 | H195: 2203002
A196: AHCA JULIAWAN | B196: 123 | C196: PRODUKSI | D196: 2 | E196: METAL | G196: =_xlfn.XLOOKUP(C196,'Master Divisi'!B:B,'Master Divisi'!A:A) -> 1 | H196: 2203004
A197: M . FAIS MUTTAQIN | B197: 123 | C197: PRODUKSI | D197: 2 | E197: METAL | G197: =_xlfn.XLOOKUP(C197,'Master Divisi'!B:B,'Master Divisi'!A:A) -> 1 | H197: 2203003
A198: ILHAM EFENDI | B198: 123 | C198: PRODUKSI | D198: 2 | E198: METAL | G198: =_xlfn.XLOOKUP(C198,'Master Divisi'!B:B,'Master Divisi'!A:A) -> 1 | H198: 2203001
A199: M . AKBAR | B199: 123 | C199: PRODUKSI | D199: 2 | E199: METAL | G199: =_xlfn.XLOOKUP(C199,'Master Divisi'!B:B,'Master Divisi'!A:A) -> 1 | H199: 2205002
A200: MIFTACHUL IQBAL . R | B200: 123 | C200: PRODUKSI | D200: 2 | E200: METAL | G200: =_xlfn.XLOOKUP(C200,'Master Divisi'!B:B,'Master Divisi'!A:A) -> 1 | H200: 2205001
A201: DZIKY RIZALDY RAKHMATULLAH | B201: 123 | C201: PRODUKSI | D201: 2 | E201: METAL | G201: =_xlfn.XLOOKUP(C201,'Master Divisi'!B:B,'Master Divisi'!A:A) -> 1 | H201: 2308001
A202: ASWAR BONDAN FIRMANSYAH | B202: 123 | C202: PRODUKSI | D202: 2 | E202: METAL | G202: =_xlfn.XLOOKUP(C202,'Master Divisi'!B:B,'Master Divisi'!A:A) -> 1 | H202: 2309001
A203: MUHAMAD HABIBULLAH AL MALIKI | B203: 123 | C203: PRODUKSI | D203: 2 | E203: METAL | G203: =_xlfn.XLOOKUP(C203,'Master Divisi'!B:B,'Master Divisi'!A:A) -> 1 | H203: 2404001
A204: RANGGA DWI KURNIAWAN ASHARI | B204: 123 | C204: PRODUKSI | D204: 2 | E204: METAL | G204: =_xlfn.XLOOKUP(C204,'Master Divisi'!B:B,'Master Divisi'!A:A) -> 1 | H204: 2508001
A205: ROBBIE FADLY HENDRAWAN WIBISONO | B205: 123 | C205: PRODUKSI | D205: 2 | E205: METAL | G205: =_xlfn.XLOOKUP(C205,'Master Divisi'!B:B,'Master Divisi'!A:A) -> 1
A206: MUHAMMAD RASSYA SABILILLAH | B206: 123 | C206: PRODUKSI | D206: 2 | E206: METAL | G206: =_xlfn.XLOOKUP(C206,'Master Divisi'!B:B,'Master Divisi'!A:A) -> 1 | H206: 2508003
A207: AGUS MUSLIM | B207: 123 | C207: PRODUKSI | D207: 1 | E207: PRESS | G207: =_xlfn.XLOOKUP(C207,'Master Divisi'!B:B,'Master Divisi'!A:A) -> 1 | H207: 9911001
A208: RIDUWAN PRIHANDANI | B208: 123 | C208: PRODUKSI | D208: 1 | E208: PRESS | G208: =_xlfn.XLOOKUP(C208,'Master Divisi'!B:B,'Master Divisi'!A:A) -> 1 | H208: 1301031
A209: FITRIA | B209: 123 | C209: PRODUKSI | D209: 1 | E209: PRESS | G209: =_xlfn.XLOOKUP(C209,'Master Divisi'!B:B,'Master Divisi'!A:A) -> 1 | H209: 9503002
A210: MAMIK SUNARSIH | B210: 123 | C210: PRODUKSI | D210: 1 | E210: PRESS | G210: =_xlfn.XLOOKUP(C210,'Master Divisi'!B:B,'Master Divisi'!A:A) -> 1 | H210: 0002018
A211: SULIMAH | B211: 123 | C211: PRODUKSI | D211: 1 | E211: PRESS | G211: =_xlfn.XLOOKUP(C211,'Master Divisi'!B:B,'Master Divisi'!A:A) -> 1 | H211: 9607001
A212: A. ROHIM | B212: 123 | C212: PRODUKSI | D212: 1 | E212: PRESS | G212: =_xlfn.XLOOKUP(C212,'Master Divisi'!B:B,'Master Divisi'!A:A) -> 1
A213: HERI SUYANTO | B213: 123 | C213: PRODUKSI | D213: 1 | E213: PRESS | G213: =_xlfn.XLOOKUP(C213,'Master Divisi'!B:B,'Master Divisi'!A:A) -> 1
A214: KARNOTO MARDIONO | B214: 123 | C214: PRODUKSI | D214: 1 | E214: PRESS | G214: =_xlfn.XLOOKUP(C214,'Master Divisi'!B:B,'Master Divisi'!A:A) -> 1 | H214: 0008004
A215: FARIS EKO UTOMO | B215: 123 | C215: PRODUKSI | D215: 1 | E215: PRESS | G215: =_xlfn.XLOOKUP(C215,'Master Divisi'!B:B,'Master Divisi'!A:A) -> 1 | H215: 1301011
A216: ZULKIFLI BAMBOA | B216: 123 | C216: PRODUKSI | D216: 1 | E216: PRESS | G216: =_xlfn.XLOOKUP(C216,'Master Divisi'!B:B,'Master Divisi'!A:A) -> 1 | H216: 1301056
A217: DIDIK DARWANTO | B217: 123 | C217: PRODUKSI | D217: 1 | E217: PRESS | G217: =_xlfn.XLOOKUP(C217,'Master Divisi'!B:B,'Master Divisi'!A:A) -> 1 | H217: 1301054
A218: PIPIT DIDIK P | B218: 123 | C218: PRODUKSI | D218: 1 | E218: PRESS | G218: =_xlfn.XLOOKUP(C218,'Master Divisi'!B:B,'Master Divisi'!A:A) -> 1 | H218: 0007009
A219: ABDUL KOHAR FIRDAUS | B219: 123 | C219: PRODUKSI | D219: 1 | E219: PRESS | G219: =_xlfn.XLOOKUP(C219,'Master Divisi'!B:B,'Master Divisi'!A:A) -> 1 | H219: 1301053
A220: MUHAMMAD RIZKY MUBARROK | B220: 123 | C220: PRODUKSI | D220: 1 | E220: PRESS | G220: =_xlfn.XLOOKUP(C220,'Master Divisi'!B:B,'Master Divisi'!A:A) -> 1 | H220: 2310001
A221: MUHAMMAD LUQMAN HAKIM | B221: 123 | C221: PRODUKSI | D221: 1 | E221: PRESS | G221: =_xlfn.XLOOKUP(C221,'Master Divisi'!B:B,'Master Divisi'!A:A) -> 1 | H221: 2310003
A222: HAKE INDRIYANTO PRATAMA | B222: 123 | C222: PRODUKSI | D222: 1 | E222: PRESS | G222: =_xlfn.XLOOKUP(C222,'Master Divisi'!B:B,'Master Divisi'!A:A) -> 1 | H222: 2310004
A223: RIZKI ARILIANTO | B223: 123 | C223: PRODUKSI | D223: 1 | E223: PRESS | G223: =_xlfn.XLOOKUP(C223,'Master Divisi'!B:B,'Master Divisi'!A:A) -> 1 | H223: 2311001
A224: RAYHAN PUTRA WIJAYA | B224: 123 | C224: PRODUKSI | D224: 1 | E224: PRESS | G224: =_xlfn.XLOOKUP(C224,'Master Divisi'!B:B,'Master Divisi'!A:A) -> 1 | H224: 2503001
...

Sheet Master Divisi
A1: id | B1: PRODUKSI
A2: =ROW()-1 -> 1 | B2: PRODUKSI
A3: =ROW()-1 -> 2 | B3: QUALITY
A4: =ROW()-1 -> 3 | B4: MAINTENANCE
A5: =ROW()-1 -> 4 | B5: DIE_MAINT
A6: =ROW()-1 -> 5 | B6: ENGINEERING
A7: =ROW()-1 -> 6 | B7: MARKETING
A8: =ROW()-1 -> 7 | B8: COMMERCIAL
A9: =ROW()-1 -> 8 | B9: PPIC
A10: =ROW()-1 -> 9 | B10: HCPGA
A11: =ROW()-1 -> 10 | B11: WRH_CIBITUNG
A12: =ROW()-1 -> 11 | B12: GA
A13: =ROW()-1 -> 12 | B13: WAREHOUSE
... A18: =ROW()-1 -> 17 | B18: ADMIN
A19: 18 | B19: SUPERVISOR
