Workbook

Sheet produk
A1: id | B1: PRODUK
A2: =ROW()-1 -> 1 | B2: TK1401
A3: =ROW()-1 -> 2 | B3: TK1403
A4: =ROW()-1 -> 3 | B4: TK1608
A5: =ROW()-1 -> 4 | B5: TK1609
A6: =ROW()-1 -> 5 | B6: TK4909
A7: =ROW()-1 -> 6 | B7: TK5030
A8: =ROW()-1 -> 7 | B8: TK5037
A9: =ROW()-1 -> 8 | B9: TK5041
A10: =ROW()-1 -> 9 | B10: TK5047
A11: =ROW()-1 -> 10 | B11: TK5063A
A12: =ROW()-1 -> 11 | B12: TK5069
A13: =ROW()-1 -> 12 | B13: TK5070
... A119: =ROW()-1 -> 118 | B119: REWORK

Sheet jenis_pekerjaan
A1: id | B1: JENIS PEKERJAAN
A2: =ROW()-1 -> 1 | B2: PRESS
A3: =ROW()-1 -> 2 | B3: SANDER
A4: =ROW()-1 -> 3 | B4: SANDER AS
A5: =ROW()-1 -> 4 | B5: SANDER & WASHER
A6: =ROW()-1 -> 5 | B6: CHAMFER
A7: =ROW()-1 -> 6 | B7: CHAMFER 45
A8: =ROW()-1 -> 7 | B8: CHAMFER 25
A9: =ROW()-1 -> 8 | B9: CHAMFER 9
A10: =ROW()-1 -> 9 | B10: CHAMFER 10
A11: =ROW()-1 -> 10 | B11: CHAMFER 12
A12: =ROW()-1 -> 11 | B12: CHAMFER 22
A13: =ROW()-1 -> 12 | B13: CHAMFER OD
... A79: =ROW()-1 -> 78 | B79: T-SLOT CHAMFER

Sheet target
A1: PRODUK | B1: JENIS_PEKERJAAN | C1: TARGET | D1: fk_produk | E1: fk_jenis_pekerjaan | F1: CYCLE TIME (menit / pcs) | G1: PEMBULATAN CYCLE TIME (menit / pcs)
A2: TK1401 | B2: PRESS | C2: 5400 | D2: =_xlfn.XLOOKUP(A2, produk!$B:$B, produk!$A:$A) -> 1 | E2: =_xlfn.XLOOKUP(B2, jenis_pekerjaan!$B:$B, jenis_pekerjaan!$A:$A) -> 1 | F2: 0.07 | G2: =ROUNDDOWN(F2,2) -> 0.07
A3: TK1401 | B3: SANDER | C3: 4500 | D3: =_xlfn.XLOOKUP(A3, produk!$B:$B, produk!$A:$A) -> 1 | E3: =_xlfn.XLOOKUP(B3, jenis_pekerjaan!$B:$B, jenis_pekerjaan!$A:$A) -> 2 | F3: 0.084 | G3: =ROUNDDOWN(F3,2) -> 0.08
A4: TK1401 | B4: CHAMFER | C4: 2800 | D4: =_xlfn.XLOOKUP(A4, produk!$B:$B, produk!$A:$A) -> 1 | E4: =_xlfn.XLOOKUP(B4, jenis_pekerjaan!$B:$B, jenis_pekerjaan!$A:$A) -> 5 | F4: 0.135 | G4: =ROUNDDOWN(F4,2) -> 0.13
A5: TK1401 | B5: BUBUT | C5: 1250 | D5: =_xlfn.XLOOKUP(A5, produk!$B:$B, produk!$A:$A) -> 1 | E5: =_xlfn.XLOOKUP(B5, jenis_pekerjaan!$B:$B, jenis_pekerjaan!$A:$A) -> 16 | F5: 0.3024 | G5: =ROUNDDOWN(F5,2) -> 0.3
A6: TK1401 | B6: BRUSH | C6: 2800 | D6: =_xlfn.XLOOKUP(A6, produk!$B:$B, produk!$A:$A) -> 1 | E6: =_xlfn.XLOOKUP(B6, jenis_pekerjaan!$B:$B, jenis_pekerjaan!$A:$A) -> 19 | F6: 0.135 | G6: =ROUNDDOWN(F6,2) -> 0.13
A7: TK1401 | B7: BENDING | C7: 2800 | D7: =_xlfn.XLOOKUP(A7, produk!$B:$B, produk!$A:$A) -> 1 | E7: =_xlfn.XLOOKUP(B7, jenis_pekerjaan!$B:$B, jenis_pekerjaan!$A:$A) -> 20 | F7: 0.135 | G7: =ROUNDDOWN(F7,2) -> 0.13
A8: TK1401 | B8: ROUGHING | C8: 1000 | D8: =_xlfn.XLOOKUP(A8, produk!$B:$B, produk!$A:$A) -> 1 | E8: =_xlfn.XLOOKUP(B8, jenis_pekerjaan!$B:$B, jenis_pekerjaan!$A:$A) -> 71 | F8: 0.378 | G8: =ROUNDDOWN(F8,2) -> 0.37
D9: =_xlfn.XLOOKUP(A9, produk!$B:$B, produk!$A:$A) -> 0 | E9: =_xlfn.XLOOKUP(B9, jenis_pekerjaan!$B:$B, jenis_pekerjaan!$A:$A) -> 0 | G9: =ROUNDDOWN(F9,2) -> 0
A10: TK1403 | B10: PRESS | C10: 4500 | D10: =_xlfn.XLOOKUP(A10, produk!$B:$B, produk!$A:$A) -> 2 | E10: =_xlfn.XLOOKUP(B10, jenis_pekerjaan!$B:$B, jenis_pekerjaan!$A:$A) -> 1 | F10: 0.084 | G10: =ROUNDDOWN(F10,2) -> 0.08
A11: TK1403 | B11: SANDER | C11: 6300 | D11: =_xlfn.XLOOKUP(A11, produk!$B:$B, produk!$A:$A) -> 2 | E11: =_xlfn.XLOOKUP(B11, jenis_pekerjaan!$B:$B, jenis_pekerjaan!$A:$A) -> 2 | F11: 0.06 | G11: =ROUNDDOWN(F11,2) -> 0.06
D12: =_xlfn.XLOOKUP(A12, produk!$B:$B, produk!$A:$A) -> 0 | E12: =_xlfn.XLOOKUP(B12, jenis_pekerjaan!$B:$B, jenis_pekerjaan!$A:$A) -> 0 | G12: =ROUNDDOWN(F12,2) -> 0
A13: TK1608 | B13: PRESS | C13: 2100 | D13: =_xlfn.XLOOKUP(A13, produk!$B:$B, produk!$A:$A) -> 3 | E13: =_xlfn.XLOOKUP(B13, jenis_pekerjaan!$B:$B, jenis_pekerjaan!$A:$A) -> 1 | F13: 0.18 | G13: =ROUNDDOWN(F13,2) -> 0.18
D14: =_xlfn.XLOOKUP(A14, produk!$B:$B, produk!$A:$A) -> 0 | E14: =_xlfn.XLOOKUP(B14, jenis_pekerjaan!$B:$B, jenis_pekerjaan!$A:$A) -> 0 | G14: =ROUNDDOWN(F14,2) -> 0
A15: TK1609 | B15: PRESS | C15: 3500 | D15: =_xlfn.XLOOKUP(A15, produk!$B:$B, produk!$A:$A) -> 4 | E15: =_xlfn.XLOOKUP(B15, jenis_pekerjaan!$B:$B, jenis_pekerjaan!$A:$A) -> 1 | F15: 0.108 | G15: =ROUNDDOWN(F15,2) -> 0.1
A16: TK1609 | B16: SANDER | C16: 4000 | D16: =_xlfn.XLOOKUP(A16, produk!$B:$B, produk!$A:$A) -> 4 | E16: =_xlfn.XLOOKUP(B16, jenis_pekerjaan!$B:$B, jenis_pekerjaan!$A:$A) -> 2 | F16: 0.0945 | G16: =ROUNDDOWN(F16,2) -> 0.09
A17: TK1609 | B17: BUBUT | C17: 700 | D17: =_xlfn.XLOOKUP(A17, produk!$B:$B, produk!$A:$A) -> 4 | E17: =_xlfn.XLOOKUP(B17, jenis_pekerjaan!$B:$B, jenis_pekerjaan!$A:$A) -> 16 | F17: 0.54 | G17: =ROUNDDOWN(F17,2) -> 0.54
D18: =_xlfn.XLOOKUP(A18, produk!$B:$B, produk!$A:$A) -> 0 | E18: =_xlfn.XLOOKUP(B18, jenis_pekerjaan!$B:$B, jenis_pekerjaan!$A:$A) -> 0 | G18: =ROUNDDOWN(F18,2) -> 0
A19: TK4909 | B19: PRESS | D19: =_xlfn.XLOOKUP(A19, produk!$B:$B, produk!$A:$A) -> 5 | E19: =_xlfn.XLOOKUP(B19, jenis_pekerjaan!$B:$B, jenis_pekerjaan!$A:$A) -> 1 | F19: #DIV/0! | G19: =ROUNDDOWN(F19,2) -> #VALUE!
A20: TK4909 | B20: SANDER | D20: =_xlfn.XLOOKUP(A20, produk!$B:$B, produk!$A:$A) -> 5 | E20: =_xlfn.XLOOKUP(B20, jenis_pekerjaan!$B:$B, jenis_pekerjaan!$A:$A) -> 2 | F20: #DIV/0! | G20: =ROUNDDOWN(F20,2) -> #VALUE!
D21: =_xlfn.XLOOKUP(A21, produk!$B:$B, produk!$A:$A) -> 0 | E21: =_xlfn.XLOOKUP(B21, jenis_pekerjaan!$B:$B, jenis_pekerjaan!$A:$A) -> 0 | G21: =ROUNDDOWN(F21,2) -> 0
A22: TK5030 | B22: PRESS | C22: A160 | D22: =_xlfn.XLOOKUP(A22, produk!$B:$B, produk!$A:$A) -> 6 | E22: =_xlfn.XLOOKUP(B22, jenis_pekerjaan!$B:$B, jenis_pekerjaan!$A:$A) -> 1 | F22: 0.0252 | G22: =ROUNDDOWN(F22,2) -> 0.02
A23: TK5030 | B23: BARREL | C23: 0 | D23: =_xlfn.XLOOKUP(A23, produk!$B:$B, produk!$A:$A) -> 6 | E23: =_xlfn.XLOOKUP(B23, jenis_pekerjaan!$B:$B, jenis_pekerjaan!$A:$A) -> 55 | F23: #DIV/0! | G23: =ROUNDDOWN(F23,2) -> #VALUE!
D24: =_xlfn.XLOOKUP(A24, produk!$B:$B, produk!$A:$A) -> 0 | E24: =_xlfn.XLOOKUP(B24, jenis_pekerjaan!$B:$B, jenis_pekerjaan!$A:$A) -> 0 | G24: =ROUNDDOWN(F24,2) -> 0
A25: TK5037 | B25: PRESS | C25: 3780 | D25: =_xlfn.XLOOKUP(A25, produk!$B:$B, produk!$A:$A) -> 7 | E25: =_xlfn.XLOOKUP(B25, jenis_pekerjaan!$B:$B, jenis_pekerjaan!$A:$A) -> 1 | F25: 0,06 | G25: =ROUNDDOWN(F25,2) -> 0.06
A26: TK5037 | B26: SANDER | C26: 4000 | D26: =_xlfn.XLOOKUP(A26, produk!$B:$B, produk!$A:$A) -> 7 | E26: =_xlfn.XLOOKUP(B26, jenis_pekerjaan!$B:$B, jenis_pekerjaan!$A:$A) -> 2 | F26: 0.0945 | G26: =ROUNDDOWN(F26,2) -> 0.09
D27: =_xlfn.XLOOKUP(A27, produk!$B:$B, produk!$A:$A) -> 0 | E27: =_xlfn.XLOOKUP(B27, jenis_pekerjaan!$B:$B, jenis_pekerjaan!$A:$A) -> 0 | G27: =ROUNDDOWN(F27,2) -> 0
A28: TK5041 | B28: PRESS | C28: 3400 | D28: =_xlfn.XLOOKUP(A28, produk!$B:$B, produk!$A:$A) -> 8 | E28: =_xlfn.XLOOKUP(B28, jenis_pekerjaan!$B:$B, jenis_pekerjaan!$A:$A) -> 1 | F28: 0,11 | G28: =ROUNDDOWN(F28,2) -> 0.11
A29: TK5041 | B29: SANDER | C29: 3200 | D29: =_xlfn.XLOOKUP(A29, produk!$B:$B, produk!$A:$A) -> 8 | E29: =_xlfn.XLOOKUP(B29, jenis_pekerjaan!$B:$B, jenis_pekerjaan!$A:$A) -> 2 | F29: 0.118125 | G29: =ROUNDDOWN(F29,2) -> 0.11
D30: =_xlfn.XLOOKUP(A30, produk!$B:$B, produk!$A:$A) -> 0 | E30: =_xlfn.XLOOKUP(B30, jenis_pekerjaan!$B:$B, jenis_pekerjaan!$A:$A) -> 0 | G30: =ROUNDDOWN(F30,2) -> 0
A31: TK5047 | B31: PRESS | C31: 2700 | D31: =_xlfn.XLOOKUP(A31, produk!$B:$B, produk!$A:$A) -> 9 | E31: =_xlfn.XLOOKUP(B31, jenis_pekerjaan!$B:$B, jenis_pekerjaan!$A:$A) -> 1 | F31: 0,06 | G31: =ROUNDDOWN(F31,2) -> 0.06
A32: TK5047 | B32: SANDER | C32: 3500 | D32: =_xlfn.XLOOKUP(A32, produk!$B:$B, produk!$A:$A) -> 9 | E32: =_xlfn.XLOOKUP(B32, jenis_pekerjaan!$B:$B, jenis_pekerjaan!$A:$A) -> 2 | F32: 0.108 | G32: =ROUNDDOWN(F32,2) -> 0.1
A33: TK5047 | B33: SHAVING | C33: 2100 | D33: =_xlfn.XLOOKUP(A33, produk!$B:$B, produk!$A:$A) -> 9 | E33: =_xlfn.XLOOKUP(B33, jenis_pekerjaan!$B:$B, jenis_pekerjaan!$A:$A) -> 23 | F33: 0.18 | G33: =ROUNDDOWN(F33,2) -> 0.18
A34: TK5047 | B34: SANDER AS | C34: 4000 | D34: =_xlfn.XLOOKUP(A34, produk!$B:$B, produk!$A:$A) -> 9 | E34: =_xlfn.XLOOKUP(B34, jenis_pekerjaan!$B:$B, jenis_pekerjaan!$A:$A) -> 3 | F34: 0.0945 | G34: =ROUNDDOWN(F34,2) -> 0.09
D35: =_xlfn.XLOOKUP(A35, produk!$B:$B, produk!$A:$A) -> 0 | E35: =_xlfn.XLOOKUP(B35, jenis_pekerjaan!$B:$B, jenis_pekerjaan!$A:$A) -> 0 | G35: =ROUNDDOWN(F35,2) -> 0
A36: TK5063A | B36: PRESS | C36: 4900 | D36: =_xlfn.XLOOKUP(A36, produk!$B:$B, produk!$A:$A) -> 10 | E36: =_xlfn.XLOOKUP(B36, jenis_pekerjaan!$B:$B, jenis_pekerjaan!$A:$A) -> 1 | F36: 0,05 | G36: =ROUNDDOWN(F36,2) -> 0.05
A37: TK5063A | B37: SANDER | C37: 4900 | D37: =_xlfn.XLOOKUP(A37, produk!$B:$B, produk!$A:$A) -> 10 | E37: =_xlfn.XLOOKUP(B37, jenis_pekerjaan!$B:$B, jenis_pekerjaan!$A:$A) -> 2 | F37: 0.077142857 | G37: =ROUNDDOWN(F37,2) -> 0.07
A38: TK5063A | B38: BUBUT | C38: 1200 | D38: =_xlfn.XLOOKUP(A38, produk!$B:$B, produk!$A:$A) -> 10 | E38: =_xlfn.XLOOKUP(B38, jenis_pekerjaan!$B:$B, jenis_pekerjaan!$A:$A) -> 16 | F38: 0.315 | G38: =ROUNDDOWN(F38,2) -> 0.31
A39: TK5063A | B39: BRUSH | D39: =_xlfn.XLOOKUP(A39, produk!$B:$B, produk!$A:$A) -> 10 | E39: =_xlfn.XLOOKUP(B39, jenis_pekerjaan!$B:$B, jenis_pekerjaan!$A:$A) -> 19 | F39: 0.21 | G39: =ROUNDDOWN(F39,2) -> 0.21
D40: =_xlfn.XLOOKUP(A40, produk!$B:$B, produk!$A:$A) -> 0 | E40: =_xlfn.XLOOKUP(B40, jenis_pekerjaan!$B:$B, jenis_pekerjaan!$A:$A) -> 0 | G40: =ROUNDDOWN(F40,2) -> 0
A41: TK5069 | B41: PRESS | C41: 1200 | D41: =_xlfn.XLOOKUP(A41, produk!$B:$B, produk!$A:$A) -> 11 | E41: =_xlfn.XLOOKUP(B41, jenis_pekerjaan!$B:$B, jenis_pekerjaan!$A:$A) -> 1 | F41: 0.315 | G41: =ROUNDDOWN(F41,2) -> 0.31
A42: TK5069 | B42: PIERCING-1 | C42: 350 | D42: =_xlfn.XLOOKUP(A42, produk!$B:$B, produk!$A:$A) -> 11 | E42: =_xlfn.XLOOKUP(B42, jenis_pekerjaan!$B:$B, jenis_pekerjaan!$A:$A) -> 39 | F42: 1.08 | G42: =ROUNDDOWN(F42,2) -> 1.08
A43: TK5069 | B43: PIERCING-2 | C43: 300 | D43: =_xlfn.XLOOKUP(A43, produk!$B:$B, produk!$A:$A) -> 11 | E43: =_xlfn.XLOOKUP(B43, jenis_pekerjaan!$B:$B, jenis_pekerjaan!$A:$A) -> 40 | F43: 1.26 | G43: =ROUNDDOWN(F43,2) -> 1.26
A44: TK5069 | B44: CHAMFER | C44: 400 | D44: =_xlfn.XLOOKUP(A44, produk!$B:$B, produk!$A:$A) -> 11 | E44: =_xlfn.XLOOKUP(B44, jenis_pekerjaan!$B:$B, jenis_pekerjaan!$A:$A) -> 5 | F44: 0.945 | G44: =ROUNDDOWN(F44,2) -> 0.94
D45: =_xlfn.XLOOKUP(A45, produk!$B:$B, produk!$A:$A) -> 0 | E45: =_xlfn.XLOOKUP(B45, jenis_pekerjaan!$B:$B, jenis_pekerjaan!$A:$A) -> 0 | G45: =ROUNDDOWN(F45,2) -> 0
A46: TK5070 | B46: PRESS | C46: 1200 | D46: =_xlfn.XLOOKUP(A46, produk!$B:$B, produk!$A:$A) -> 12 | E46: =_xlfn.XLOOKUP(B46, jenis_pekerjaan!$B:$B, jenis_pekerjaan!$A:$A) -> 1 | F46: 0.315 | G46: =ROUNDDOWN(F46,2) -> 0.31
A47: TK5070 | B47: PIERCING-1 | C47: 350 | D47: =_xlfn.XLOOKUP(A47, produk!$B:$B, produk!$A:$A) -> 12 | E47: =_xlfn.XLOOKUP(B47, jenis_pekerjaan!$B:$B, jenis_pekerjaan!$A:$A) -> 39 | F47: 1.08 | G47: =ROUNDDOWN(F47,2) -> 1.08
A48: TK5070 | B48: PIERCING-2 | C48: 300 | D48: =_xlfn.XLOOKUP(A48, produk!$B:$B, produk!$A:$A) -> 12 | E48: =_xlfn.XLOOKUP(B48, jenis_pekerjaan!$B:$B, jenis_pekerjaan!$A:$A) -> 40 | F48: 1.26 | G48: =ROUNDDOWN(F48,2) -> 1.26
A49: TK5070 | B49: CHAMFER | C49: 400 | D49: =_xlfn.XLOOKUP(A49, produk!$B:$B, produk!$A:$A) -> 12 | E49: =_xlfn.XLOOKUP(B49, jenis_pekerjaan!$B:$B, jenis_pekerjaan!$A:$A) -> 5 | F49: 0.945 | G49: =ROUNDDOWN(F49,2) -> 0.94
D50: =_xlfn.XLOOKUP(A50, produk!$B:$B, produk!$A:$A) -> 0 | E50: =_xlfn.XLOOKUP(B50, jenis_pekerjaan!$B:$B, jenis_pekerjaan!$A:$A) -> 0 | G50: =ROUNDDOWN(F50,2) -> 0
A51: TK5071-1 | B51: PRESS | C51: a160 | D51: =_xlfn.XLOOKUP(A51, produk!$B:$B, produk!$A:$A) -> 13 | E51: =_xlfn.XLOOKUP(B51, jenis_pekerjaan!$B:$B, jenis_pekerjaan!$A:$A) -> 1 | F51: 0.108 | G51: =ROUNDDOWN(F51,2) -> 0.1
D52: =_xlfn.XLOOKUP(A52, produk!$B:$B, produk!$A:$A) -> 0 | E52: =_xlfn.XLOOKUP(B52, jenis_pekerjaan!$B:$B, jenis_pekerjaan!$A:$A) -> 0 | G52: =ROUNDDOWN(F52,2) -> 0
A53: TK5071-2 | B53: PRESS | D53: =_xlfn.XLOOKUP(A53, produk!$B:$B, produk!$A:$A) -> 14 | E53: =_xlfn.XLOOKUP(B53, jenis_pekerjaan!$B:$B, jenis_pekerjaan!$A:$A) -> 1 | F53: 0.108 | G53: =ROUNDDOWN(F53,2) -> 0.1
D54: =_xlfn.XLOOKUP(A54, produk!$B:$B, produk!$A:$A) -> 0 | E54: =_xlfn.XLOOKUP(B54, jenis_pekerjaan!$B:$B, jenis_pekerjaan!$A:$A) -> 0 | G54: =ROUNDDOWN(F54,2) -> 0
A55: TK5072-1 | B55: PRESS | C55: 5600 | D55: =_xlfn.XLOOKUP(A55, produk!$B:$B, produk!$A:$A) -> 15 | E55: =_xlfn.XLOOKUP(B55, jenis_pekerjaan!$B:$B, jenis_pekerjaan!$A:$A) -> 1 | F55: 0.0675 | G55: =ROUNDDOWN(F55,2) -> 0.06
D56: =_xlfn.XLOOKUP(A56, produk!$B:$B, produk!$A:$A) -> 0 | E56: =_xlfn.XLOOKUP(B56, jenis_pekerjaan!$B:$B, jenis_pekerjaan!$A:$A) -> 0 | G56: =ROUNDDOWN(F56,2) -> 0
A57: TK5072-2 | B57: PRESS | C57: 5600 | D57: =_xlfn.XLOOKUP(A57, produk!$B:$B, produk!$A:$A) -> 16 | E57: =_xlfn.XLOOKUP(B57, jenis_pekerjaan!$B:$B, jenis_pekerjaan!$A:$A) -> 1 | F57: 0.0675 | G57: =ROUNDDOWN(F57,2) -> 0.06
D58: =_xlfn.XLOOKUP(A58, produk!$B:$B, produk!$A:$A) -> 0 | E58: =_xlfn.XLOOKUP(B58, jenis_pekerjaan!$B:$B, jenis_pekerjaan!$A:$A) -> 0 | G58: =ROUNDDOWN(F58,2) -> 0
A59: TK5081A | B59: PRESS | C59: 4400 | D59: =_xlfn.XLOOKUP(A59, produk!$B:$B, produk!$A:$A) -> 17 | E59: =_xlfn.XLOOKUP(B59, jenis_pekerjaan!$B:$B, jenis_pekerjaan!$A:$A) -> 1 | F59: 0.085909091 | G59: =ROUNDDOWN(F59,2) -> 0.08
A60: TK5081A | B60: SANDER | D60: =_xlfn.XLOOKUP(A60, produk!$B:$B, produk!$A:$A) -> 17 | E60: =_xlfn.XLOOKUP(B60, jenis_pekerjaan!$B:$B, jenis_pekerjaan!$A:$A) -> 2 | F60: 0.085909091 | G60: =ROUNDDOWN(F60,2) -> 0.08
A61: TK5081A | B61: CHAMFER | D61: =_xlfn.XLOOKUP(A61, produk!$B:$B, produk!$A:$A) -> 17 | E61: =_xlfn.XLOOKUP(B61, jenis_pekerjaan!$B:$B, jenis_pekerjaan!$A:$A) -> 5 | F61: 0.135 | G61: =ROUNDDOWN(F61,2) -> 0.13
D62: =_xlfn.XLOOKUP(A62, produk!$B:$B, produk!$A:$A) -> 0 | E62: =_xlfn.XLOOKUP(B62, jenis_pekerjaan!$B:$B, jenis_pekerjaan!$A:$A) -> 0 | G62: =ROUNDDOWN(F62,2) -> 0
A63: TK5082 | B63: PRESS | C63: 4500 | D63: =_xlfn.XLOOKUP(A63, produk!$B:$B, produk!$A:$A) -> 18 | E63: =_xlfn.XLOOKUP(B63, jenis_pekerjaan!$B:$B, jenis_pekerjaan!$A:$A) -> 1 | F63: 0,06 menit / pcs | G63: =ROUNDDOWN(F63,2) -> #VALUE!
A64: TK5082 | B64: SANDER | D64: =_xlfn.XLOOKUP(A64, produk!$B:$B, produk!$A:$A) -> 18 | E64: =_xlfn.XLOOKUP(B64, jenis_pekerjaan!$B:$B, jenis_pekerjaan!$A:$A) -> 2 | F64: 0.084 | G64: =ROUNDDOWN(F64,2) -> 0.08
D65: =_xlfn.XLOOKUP(A65, produk!$B:$B, produk!$A:$A) -> 0 | E65: =_xlfn.XLOOKUP(B65, jenis_pekerjaan!$B:$B, jenis_pekerjaan!$A:$A) -> 0 | G65: =ROUNDDOWN(F65,2) -> 0
A66: TK5091 | B66: PRESS | C66: 3500 | D66: =_xlfn.XLOOKUP(A66, produk!$B:$B, produk!$A:$A) -> 19 | E66: =_xlfn.XLOOKUP(B66, jenis_pekerjaan!$B:$B, jenis_pekerjaan!$A:$A) -> 1 | F66: 0.108 | G66: =ROUNDDOWN(F66,2) -> 0.1
D67: =_xlfn.XLOOKUP(A67, produk!$B:$B, produk!$A:$A) -> 0 | E67: =_xlfn.XLOOKUP(B67, jenis_pekerjaan!$B:$B, jenis_pekerjaan!$A:$A) -> 0 | G67: =ROUNDDOWN(F67,2) -> 0
A68: TK5091A | B68: PRESS | C68: 3500 | D68: =_xlfn.XLOOKUP(A68, produk!$B:$B, produk!$A:$A) -> 20 | E68: =_xlfn.XLOOKUP(B68, jenis_pekerjaan!$B:$B, jenis_pekerjaan!$A:$A) -> 1 | F68: 0.108 | G68: =ROUNDDOWN(F68,2) -> 0.1
D69: =_xlfn.XLOOKUP(A69, produk!$B:$B, produk!$A:$A) -> 0 | E69: =_xlfn.XLOOKUP(B69, jenis_pekerjaan!$B:$B, jenis_pekerjaan!$A:$A) -> 0 | G69: =ROUNDDOWN(F69,2) -> 0
A70: TK5092B | B70: PRESS | C70: 3500 | D70: =_xlfn.XLOOKUP(A70, produk!$B:$B, produk!$A:$A) -> 21 | E70: =_xlfn.XLOOKUP(B70, jenis_pekerjaan!$B:$B, jenis_pekerjaan!$A:$A) -> 1 | F70: 0.108 | G70: =ROUNDDOWN(F70,2) -> 0.1
D71: =_xlfn.XLOOKUP(A71, produk!$B:$B, produk!$A:$A) -> 0 | E71: =_xlfn.XLOOKUP(B71, jenis_pekerjaan!$B:$B, jenis_pekerjaan!$A:$A) -> 0 | G71: =ROUNDDOWN(F71,2) -> 0
A72: TK5125 | B72: PRESS | C72: 3780 | D72: =_xlfn.XLOOKUP(A72, produk!$B:$B, produk!$A:$A) -> 22 | E72: =_xlfn.XLOOKUP(B72, jenis_pekerjaan!$B:$B, jenis_pekerjaan!$A:$A) -> 1 | F72: 0,1 menit / pcs | G72: =ROUNDDOWN(F72,2) -> #VALUE!
A73: TK5125 | B73: BUBUT | C73: 550 | D73: =_xlfn.XLOOKUP(A73, produk!$B:$B, produk!$A:$A) -> 22 | E73: =_xlfn.XLOOKUP(B73, jenis_pekerjaan!$B:$B, jenis_pekerjaan!$A:$A) -> 16 | F73: 0.68727273 | G73: =ROUNDDOWN(F73,2) -> 0.68
A74: TK5125 | B74: SANDER | C74: 3780 | D74: =_xlfn.XLOOKUP(A74, produk!$B:$B, produk!$A:$A) -> 22 | E74: =_xlfn.XLOOKUP(B74, jenis_pekerjaan!$B:$B, jenis_pekerjaan!$A:$A) -> 2 | F74: 0.1 | G74: =ROUNDDOWN(F74,2) -> 0.1
D75: =_xlfn.XLOOKUP(A75, produk!$B:$B, produk!$A:$A) -> 0 | E75: =_xlfn.XLOOKUP(B75, jenis_pekerjaan!$B:$B, jenis_pekerjaan!$A:$A) -> 0 | G75: =ROUNDDOWN(F75,2) -> 0
A76: TK5130 | B76: PRESS | C76: 3400 | D76: =_xlfn.XLOOKUP(A76, produk!$B:$B, produk!$A:$A) -> 23 | E76: =_xlfn.XLOOKUP(B76, jenis_pekerjaan!$B:$B, jenis_pekerjaan!$A:$A) -> 1 | F76: 0.11117647 | G76: =ROUNDDOWN(F76,2) -> 0.11
A77: TK5130 | B77: SANDER | C77: 3150 | D77: =_xlfn.XLOOKUP(A77, produk!$B:$B, produk!$A:$A) -> 23 | E77: =_xlfn.XLOOKUP(B77, jenis_pekerjaan!$B:$B, jenis_pekerjaan!$A:$A) -> 2 | F77: 0.12 | G77: =ROUNDDOWN(F77,2) -> 0.12
D78: =_xlfn.XLOOKUP(A78, produk!$B:$B, produk!$A:$A) -> 0 | E78: =_xlfn.XLOOKUP(B78, jenis_pekerjaan!$B:$B, jenis_pekerjaan!$A:$A) -> 0 | G78: =ROUNDDOWN(F78,2) -> 0
A79: TK5132 | B79: PRESS | C79: 3500 | D79: =_xlfn.XLOOKUP(A79, produk!$B:$B, produk!$A:$A) -> 24 | E79: =_xlfn.XLOOKUP(B79, jenis_pekerjaan!$B:$B, jenis_pekerjaan!$A:$A) -> 1 | F79: 0.108 | G79: =ROUNDDOWN(F79,2) -> 0.1
D80: =_xlfn.XLOOKUP(A80, produk!$B:$B, produk!$A:$A) -> 0 | E80: =_xlfn.XLOOKUP(B80, jenis_pekerjaan!$B:$B, jenis_pekerjaan!$A:$A) -> 0 | G80: =ROUNDDOWN(F80,2) -> 0
A81: TK5138 | B81: PRESS | C81: 4500 | D81: =_xlfn.XLOOKUP(A81, produk!$B:$B, produk!$A:$A) -> 25 | E81: =_xlfn.XLOOKUP(B81, jenis_pekerjaan!$B:$B, jenis_pekerjaan!$A:$A) -> 1 | F81: 0,05 menit / pcs | G81: =ROUNDDOWN(F81,2) -> #VALUE!
A82: TK5138 | B82: SANDER | D82: =_xlfn.XLOOKUP(A82, produk!$B:$B, produk!$A:$A) -> 25 | E82: =_xlfn.XLOOKUP(B82, jenis_pekerjaan!$B:$B, jenis_pekerjaan!$A:$A) -> 2 | F82: 0.084 | G82: =ROUNDDOWN(F82,2) -> 0.08
D83: =_xlfn.XLOOKUP(A83, produk!$B:$B, produk!$A:$A) -> 0 | E83: =_xlfn.XLOOKUP(B83, jenis_pekerjaan!$B:$B, jenis_pekerjaan!$A:$A) -> 0 | G83: =ROUNDDOWN(F83,2) -> 0
A84: TK5163 | B84: PRESS | C84: 4500 | D84: =_xlfn.XLOOKUP(A84, produk!$B:$B, produk!$A:$A) -> 26 | E84: =_xlfn.XLOOKUP(B84, jenis_pekerjaan!$B:$B, jenis_pekerjaan!$A:$A) -> 1 | F84: 0,07 menit / pcs | G84: =ROUNDDOWN(F84,2) -> #VALUE!
A85: TK5163 | B85: SANDER | C85: 5000 | D85: =_xlfn.XLOOKUP(A85, produk!$B:$B, produk!$A:$A) -> 26 | E85: =_xlfn.XLOOKUP(B85, jenis_pekerjaan!$B:$B, jenis_pekerjaan!$A:$A) -> 2 | F85: 0.0756 | G85: =ROUNDDOWN(F85,2) -> 0.07
A86: TK5163 | B86: BUBUT | C86: 1050 | D86: =_xlfn.XLOOKUP(A86, produk!$B:$B, produk!$A:$A) -> 26 | E86: =_xlfn.XLOOKUP(B86, jenis_pekerjaan!$B:$B, jenis_pekerjaan!$A:$A) -> 16 | F86: 0.36 | G86: =ROUNDDOWN(F86,2) -> 0.36
A87: TK5163 | B87: CHAMFER | D87: =_xlfn.XLOOKUP(A87, produk!$B:$B, produk!$A:$A) -> 26 | E87: =_xlfn.XLOOKUP(B87, jenis_pekerjaan!$B:$B, jenis_pekerjaan!$A:$A) -> 5 | F87: 0.14 | G87: =ROUNDDOWN(F87,2) -> 0.14
A88: TK5163 | B88: BRUSH | D88: =_xlfn.XLOOKUP(A88, produk!$B:$B, produk!$A:$A) -> 26 | E88: =_xlfn.XLOOKUP(B88, jenis_pekerjaan!$B:$B, jenis_pekerjaan!$A:$A) -> 19 | F88: 0.189 | G88: =ROUNDDOWN(F88,2) -> 0.18
D89: =_xlfn.XLOOKUP(A89, produk!$B:$B, produk!$A:$A) -> 0 | E89: =_xlfn.XLOOKUP(B89, jenis_pekerjaan!$B:$B, jenis_pekerjaan!$A:$A) -> 0 | G89: =ROUNDDOWN(F89,2) -> 0
A90: TK5210 | B90: PRESS | C90: 4500 | D90: =_xlfn.XLOOKUP(A90, produk!$B:$B, produk!$A:$A) -> 27 | E90: =_xlfn.XLOOKUP(B90, jenis_pekerjaan!$B:$B, jenis_pekerjaan!$A:$A) -> 1 | F90: 0,07 menit/pcs | G90: =ROUNDDOWN(F90,2) -> #VALUE!
A91: TK5210 | B91: SANDER | C91: 800 | D91: =_xlfn.XLOOKUP(A91, produk!$B:$B, produk!$A:$A) -> 27 | E91: =_xlfn.XLOOKUP(B91, jenis_pekerjaan!$B:$B, jenis_pekerjaan!$A:$A) -> 2 | F91: 0.4725 | G91: =ROUNDDOWN(F91,2) -> 0.47
A92: TK5210 | B92: CHAMFER | C92: 1400 | D92: =_xlfn.XLOOKUP(A92, produk!$B:$B, produk!$A:$A) -> 27 | E92: =_xlfn.XLOOKUP(B92, jenis_pekerjaan!$B:$B, jenis_pekerjaan!$A:$A) -> 5 | F92: 0.27 | G92: =ROUNDDOWN(F92,2) -> 0.27
A93: TK5210 | B93: TAP | D93: =_xlfn.XLOOKUP(A93, produk!$B:$B, produk!$A:$A) -> 27 | E93: =_xlfn.XLOOKUP(B93, jenis_pekerjaan!$B:$B, jenis_pekerjaan!$A:$A) -> 46 | F93: 0.378 | G93: =ROUNDDOWN(F93,2) -> 0.37
D94: =_xlfn.XLOOKUP(A94, produk!$B:$B, produk!$A:$A) -> 0 | E94: =_xlfn.XLOOKUP(B94, jenis_pekerjaan!$B:$B, jenis_pekerjaan!$A:$A) -> 0 | G94: =ROUNDDOWN(F94,2) -> 0
A95: TK5220 | B95: PRESS | C95: 5670 | D95: =_xlfn.XLOOKUP(A95, produk!$B:$B, produk!$A:$A) -> 28 | E95: =_xlfn.XLOOKUP(B95, jenis_pekerjaan!$B:$B, jenis_pekerjaan!$A:$A) -> 1 | F95: 0.066666667 | G95: =ROUNDDOWN(F95,2) -> 0.06
A96: TK5220 | B96: SANDER | C96: 4500 | D96: =_xlfn.XLOOKUP(A96, produk!$B:$B, produk!$A:$A) -> 28 | E96: =_xlfn.XLOOKUP(B96, jenis_pekerjaan!$B:$B, jenis_pekerjaan!$A:$A) -> 2 | F96: 0.084 | G96: =ROUNDDOWN(F96,2) -> 0.08
D97: =_xlfn.XLOOKUP(A97, produk!$B:$B, produk!$A:$A) -> 0 | E97: =_xlfn.XLOOKUP(B97, jenis_pekerjaan!$B:$B, jenis_pekerjaan!$A:$A) -> 0 | G97: =ROUNDDOWN(F97,2) -> 0
A98: TK5221 | B98: PRESS | C98: 4400 | D98: =_xlfn.XLOOKUP(A98, produk!$B:$B, produk!$A:$A) -> 29 | E98: =_xlfn.XLOOKUP(B98, jenis_pekerjaan!$B:$B, jenis_pekerjaan!$A:$A) -> 1 | F98: 0,06 MENIT/pcs | G98: =ROUNDDOWN(F98,2) -> #VALUE!
A99: TK5221 | B99: SANDER | D99: =_xlfn.XLOOKUP(A99, produk!$B:$B, produk!$A:$A) -> 29 | E99: =_xlfn.XLOOKUP(B99, jenis_pekerjaan!$B:$B, jenis_pekerjaan!$A:$A) -> 2 | F99: 0.085909091 | G99: =ROUNDDOWN(F99,2) -> 0.08
D100: =_xlfn.XLOOKUP(A100, produk!$B:$B, produk!$A:$A) -> 0 | E100: =_xlfn.XLOOKUP(B100, jenis_pekerjaan!$B:$B, jenis_pekerjaan!$A:$A) -> 0 | G100: =ROUNDDOWN(F100,2) -> 0
...
